{
  "N": 100,
  "coefficients": {
    "a0": 28512775.43324732,
    "a": [
      null,
      -55596124.80317907,
      51642565.817275316,
      -46014049.439029925,
      39717132.57167109,
      -33581337.143239416,
      28103028.29163498,
      -23468818.06463397,
      19665035.786517333,
      -16585421.576951614,
      14100267.716178345,
      -12089149.363913205,
      10451669.852032749,
      -9108106.524842482,
      7996499.968780833,
      -7069061.493960438,
      6288938.591029982,
      -5627601.599501351,
      5062829.394849726,
      -4577189.309120404,
      4156899.4920683596,
      -3790978.628954111,
      3470608.7807875676,
      -3188655.6085075075,
      2939304.887562408,
      -2717785.24506559,
      2520155.1541261487,
      -2343138.1082226397,
      2183994.1608681283,
      -2040419.1021309993,
      1910464.7846864501,
      -1792475.7466344682,
      1685038.4769169937,
      -1586940.5533120846,
      1497137.5392652333,
      -1414726.0160863684,
      1338921.4956492258,
      -1269040.237639408,
      1204484.2077615045,
      -1144728.5760067638,
      1089311.27946457,
      -1037824.2713525223,
      989906.1537030298,
      -945235.9505252377,
      903527.8250482766,
      -864526.5817018176,
      828003.8229755831,
      -793754.6548741744,
      761594.853618568,
      -731358.4215243828,
      702895.4723618829,
      -676070.3965729198,
      650760.2649432189,
      -626853.4360703595,
      604248.3385166806,
      -582852.40311716,
      562581.1247099845,
      -543357.2357137701,
      525109.9766083386,
      -507774.4505800508,
      491291.05144063674,
      -475604.95548546384,
      460665.66927071445,
      -446426.6264004618,
      432844.8273589063,
      -419880.5172249488,
      407496.8967921864,
      -395659.8632022497,
      384337.7767008063,
      -373501.2505582127,
      363122.9615659341,
      -353177.47884205444,
      343641.10895422054,
      -334491.75560961326,
      325708.79236923816,
      -317272.9470248177,
      309166.1964344138,
      -301371.6707514412,
      293873.56610103784,
      -286657.0648639986,
      279708.262821479,
      -273014.1024943246,
      266562.3120832695,
      -260341.34947906007,
      254340.35086749407,
      -248549.0835046483,
      242957.9022787189,
      -237557.70971790212,
      232339.91913460655,
      -227296.42062768567,
      222419.5496941178,
      -217702.05822197543,
      213137.08766283022,
      -208718.1441958462,
      204439.07571964865,
      -200294.05051737762,
      196277.53745867524,
      -192384.28761377736,
      188609.31716377803,
      -184947.89150762162,
      181395.51046656322
    ],
    "b": [
      null,
      -2.285901119928177e-9,
      3.515702026394096e-9,
      -5.544526120676855e-9,
      6.406081557975013e-9,
      -9.069492184031146e-9,
      5.697382730520076e-9,
      -2.7236268662974022e-9,
      4.3170412234509846e-9,
      -2.7421549402177927e-9,
      2.1492565747652972e-9,
      -1.296038770731315e-8,
      1.0190440656214772e-9,
      1.4729818766710442e-9,
      4.3726254452121564e-9,
      -1.3636662405407402e-8,
      6.966555794066825e-9,
      2.890379531580917e-9,
      1.4229560770859897e-8,
      -1.3803415070690918e-8,
      1.0431305617179847e-8,
      -8.856419333946655e-9,
      1.6434401567386365e-8,
      -2.0566162051633447e-8,
      1.3340213222681154e-9,
      -8.022656007529084e-9,
      -1.963975835561392e-9,
      -2.1566678043334534e-8,
      2.964491827262479e-10,
      -6.633050463499796e-9,
      1.845396162470893e-8,
      -2.2233688704468593e-8,
      1.8009287850619558e-8,
      -1.467423454494927e-8,
      1.2487921822343191e-8,
      -2.7717998584904176e-8,
      3.3387589204543666e-8,
      -9.41226155155837e-9,
      3.168300640386774e-8,
      -3.375815068295148e-8,
      1.804634399846034e-8,
      -5.2545617638227434e-8,
      1.2450865674502411e-8,
      -1.1783855013368354e-8,
      4.4652658148141086e-8,
      -8.411745559857283e-9,
      4.2355176982012664e-8,
      3.4832778970334124e-9,
      4.6171960209613105e-8,
      -6.006801564990598e-8,
      1.6749378824033006e-8,
      -4.9803462698009644e-8,
      1.7824007111415654e-8,
      -5.287912296879447e-8,
      7.203715140247823e-8,
      -1.8305737033345805e-8,
      4.8617665967104653e-8,
      -6.447769724295891e-8,
      4.802476760165216e-8,
      -3.9575965893954094e-8,
      6.37365742861433e-8,
      -4.157699787735627e-8,
      5.654768160503178e-8,
      -2.2752474774239524e-8,
      4.476382659166343e-8,
      -6.618228004363484e-8,
      3.238707321284258e-8,
      -4.039120114645127e-8,
      2.0084432129703295e-8,
      -4.483793888734499e-8,
      4.4541489704618745e-8,
      -2.1344341156289846e-8,
      3.1720062551708526e-8,
      -6.084619475456238e-8,
      2.4234720687870763e-8,
      -4.809887989733372e-8,
      1.003480483528349e-7,
      -5.528777257844523e-8,
      6.847976120976326e-8,
      -4.5801398731205297e-8,
      7.137014074134417e-8,
      -8.152352524971817e-8,
      1.0064449753556116e-7,
      3.1127164186256024e-8,
      -5.0915147133233075e-8,
      -9.575308602057806e-8,
      -8.819363186105874e-8,
      4.7283644644836535e-8,
      8.989821466173467e-8,
      -6.521882019977453e-9,
      -1.815751244198268e-8,
      -2.705098792377012e-8,
      2.5420517418775757e-8,
      -3.016370434239572e-8,
      -8.011539163176849e-8,
      -7.655800143905351e-8,
      3.1127164186256024e-8,
      1.1042732056552733e-8,
      8.433979248561753e-8,
      -1.2384164608389005e-7,
      3.0978939594892904e-8
    ]
  },
  "error": 777221.6032906065,
  "originalFunctionData": [
    513533893.3202202,
    296899028.5503317,
    168155609.67279163,
    93173396.40301192,
    50431589.428467676,
    26620946.256099414,
    13678893.709010348,
    6827864.213541558,
    3303025.7885089875,
    1544494.2322295154,
    695993.1039038358,
    301215.9541250496,
    124707.00639293193,
    49165.09591005265,
    18359.31171629138,
    6452.943323680693,
    2118.918488806578,
    644.2058048241616,
    179.36832564670732,
    45.12639671467773,
    10.086888966802041,
    1.960586847033361,
    0.32221352705062045,
    0.043126665717540175,
    0.004463837791386916,
    0.0003316935494007439,
    0.000015813668584720267,
    4.033556651384006e-7,
    3.9841719127644644e-9,
    7.836078606210034e-12,
    5.226960979642918e-16,
    1.3875785668860257e-25,
    6.256511573020572e-23,
    3.938676498381806e-15,
    2.6295190235688405e-11,
    9.455509588580298e-9,
    7.896927672397719e-7,
    0.000027390301950160947,
    0.000527770072920869,
    0.006673718463287757,
    0.06147563430268139,
    0.44232374404538105,
    2.6104957956395736,
    13.095636716855182,
    57.35541286646952,
    223.8817421662713,
    791.5916543119022,
    2568.3900513926296,
    7728.294948332007,
    21754.482525492916,
    57704.26735477591,
    145116.5720362877,
    347804.13216206804,
    797991.3827297596,
    1759467.1268865033,
    3740586.4059040817,
    7690390.700786364,
    15329548.741144901,
    29694467.74644273,
    56010550.834762335,
    103062536.02547657,
    185300108.63662085,
    326010080.0447979
  ],