{
  "N": 10,
  "coefficients": {
    "a0": 28512775.43324732,
    "a": [
      null,
      -55596124.80317907,
      51642565.817275316,
      -46014049.439029925,
      39717132.57167109,
      -33581337.143239416,
      28103028.29163498,
      -23468818.06463397,
      19665035.786517333,
      -16585421.576951614,
      14100267.716178345
    ],
    "b": [
      null,
      -2.285901119928177e-9,
      3.515702026394096e-9,
      -5.544526120676855e-9,
      6.406081557975013e-9,
      -9.069492184031146e-9,
      5.697382730520076e-9,
      -2.7236268662974022e-9,
      4.3170412234509846e-9,
      -2.7421549402177927e-9,
      2.1492565747652972e-9
    ]
  },
  "error": 18712258.39372776,
  "originalFunctionData": [
    513533893.3202202,
    296899028.5503317,
    168155609.67279163,
    93173396.40301192,
    50431589.428467676,
    26620946.256099414,
    13678893.709010348,
    6827864.213541558,
    3303025.7885089875,
    1544494.2322295154,
    695993.1039038358,
    301215.9541250496,
    124707.00639293193,
    49165.09591005265,
    18359.31171629138,
    6452.943323680693,
    2118.918488806578,
    644.2058048241616,
    179.36832564670732,
    45.12639671467773,
    10.086888966802041,
    1.960586847033361,
    0.32221352705062045,
    0.043126665717540175,
    0.004463837791386916,
    0.0003316935494007439,
    0.000015813668584720267,
    4.033556651384006e-7,
    3.9841719127644644e-9,
    7.836078606210034e-12,
    5.226960979642918e-16,
    1.3875785668860257e-25,
    6.256511573020572e-23,
    3.938676498381806e-15,
    2.6295190235688405e-11,
    9.455509588580298e-9,
    7.896927672397719e-7,
    0.000027390301950160947,
    0.000527770072920869,
    0.006673718463287757,
    0.06147563430268139,
    0.44232374404538105,
    2.6104957956395736,
    13.095636716855182,
    57.35541286646952,
    223.8817421662713,
    791.5916543119022,
    2568.3900513926296,
    7728.294948332007,
    21754.482525492916,
    57704.26735477591,
    145116.5720362877,
    347804.13216206804,
    797991.3827297596,
    1759467.1268865033,
    3740586.4059040817,
    7690390.700786364,
    15329548.741144901,
    29694467.74644273,
    56010550.834762335,
    103062536.02547657,
    185300108.63662085,
    326010080.0447979
  ],
  "approximationData": [
    356986556.6435584,
    317228707.0560858,
    218320976.83467203,
    107930624.59866722,
    30681968.54788032,
    2879166.2256354415,
    9202905.78573533,
    20776968.03572803,
    18438718.168494705,
    3422163.2931274604,
    -10055047.570218774,
    -10838453.421192952,
    -745891.7393061873,
    8911442.172073139,
    8931508.193397392,
    379672.9423775412,
    -7668629.24535398,
    -7538876.631326191,
    -82219.40826900676,
    6892610.180401777,
    6643327.186747451,
    -112838.02749111131,
    -6384717.306841232,
    -6045823.547374168,
    261536.74964927975,
    6070831.390933339,
    5653636.287855847,
    -389181.28069856856,
    -5909887.726667119,
    -5415783.793692432,
    511594.5438646539,
    5882329.711361945,
    5305314.789885266,
    -641028.6203363878,
    -5984210.650675237,
    -5311136.438435398,
    789704.7728698547,
    6226011.8409079425,
    5435033.965872532,
    -972982.6169661563,
    -6635493.444347339,
    -5692252.852169843,
    1213850.7346050963,
    7266148.205244913,
    6115991.694886885,
    -1551275.287829523,
    -8215610.146667925,
    -6765195.8368246285,
    2068796.5067024361,
    9696358.22936201,
    7818885.053283684,
    -2761654.531441003,
    -11687152.023966258,
    -8514042.11677509,
    6275326.51744278,
    19993695.524945706,
    19527811.83697059,
    6997083.1320977975,
    4446202.998016132,
    40214127.75047856,
    125128753.28052221,
    237193610.6628784,
    329083548.19908553
  ]
}